stock1,stock2,stability
MA,UBER,0.24
UBER,ECL,0.2133333333333333
SYK,INTU,0.2083333333333333
INTU,MRSH,0.203125
HON,SHW,0.203125
ABNB,APD,0.2
TXN,SPGI,0.1979166666666666
CRM,CI,0.1979166666666666
HON,SYK,0.1979166666666666
MCK,DELL,0.1926605504587156
SCHW,HLT,0.1888111888111888
TMO,HON,0.1875
LIN,QCOM,0.1875
JPM,ANET,0.1824817518248175
MRK,UNP,0.1822916666666666
MA,NSC,0.1822916666666666
NEE,TMO,0.1822916666666666
AMZN,DASH,0.1818181818181818
APP,COF,0.18
TXN,MCO,0.1770833333333333
